{"cameraMode":{"drawMode":0,"name":"Shaded","section":"Shading Mode"},"sceneLighting":false,"audioPlay":false,"sceneViewState":{"showFog":true,"showMaterialUpdate":false,"showSkybox":false,"showFlares":true,"showImageEffects":true,"showParticleSystems":true},"in2DMode":false,"pivot":{"x":1.63128662109375,"y":2.4000000953674318,"z":3.2306995391845705},"rotation":{"x":-0.09946037828922272,"y":0.846293568611145,"z":-0.1700637936592102,"w":-0.49494776129722597},"size":4.041658401489258,"orthographic":false}